item_id,pair_index,num_sentences,num_relevant,max_similarity,mean_similarity,classified_answer_relevant,label_raw
1,0,1,0,0.228073,0.228073,0,√
1,1,1,1,0.624019,0.624019,1,√
1,2,1,0,0.517910,0.517910,0,√
1,3,1,1,0.642460,0.642460,1,√
2,0,1,0,0.283053,0.283053,0,×
2,1,1,0,0.333010,0.333010,0,×
2,2,1,0,0.092322,0.092322,0,×
2,3,1,1,0.765782,0.765782,1,×
3,0,1,1,0.622087,0.622087,1,√
3,1,1,1,0.607387,0.607387,1,√
3,2,1,0,0.096800,0.096800,0,√
3,3,1,0,0.130139,0.130139,0,√
3,4,1,0,0.153314,0.153314,0,√
3,5,1,0,0.557813,0.557813,0,√
4,0,1,0,0.066339,0.066339,0,×
4,1,1,0,0.210257,0.210257,0,×
5,0,1,0,0.043895,0.043895,0,√
5,1,1,0,-0.005481,-0.005481,0,√
5,2,1,0,0.439035,0.439035,0,√
5,3,1,1,0.777264,0.777264,1,√
6,0,1,0,0.208419,0.208419,0,×
6,1,1,0,0.229840,0.229840,0,×
6,2,1,0,0.286475,0.286475,0,×
6,3,1,0,0.540552,0.540552,0,×
6,4,1,0,0.295978,0.295978,0,×
7,0,1,0,0.114130,0.114130,0,√
8,0,1,0,0.374207,0.374207,0,√
8,1,1,0,0.564668,0.564668,0,√
8,2,1,0,0.415072,0.415072,0,√
8,3,1,0,0.542266,0.542266,0,√
8,4,1,0,0.439552,0.439552,0,√
8,5,1,0,0.245149,0.245149,0,√
9,0,1,0,0.119904,0.119904,0,×
9,1,1,0,0.409107,0.409107,0,×
10,0,1,0,0.177447,0.177447,0,×
10,1,2,0,0.336215,0.196250,0,×
10,2,1,0,0.285799,0.285799,0,×
10,3,1,0,0.300438,0.300438,0,×
10,4,1,0,0.373154,0.373154,0,×
11,0,1,0,0.511153,0.511153,0,√
11,1,1,0,0.218912,0.218912,0,√
11,2,1,0,0.508675,0.508675,0,√
11,3,1,0,0.233059,0.233059,0,√
12,0,1,0,0.317080,0.317080,0,×
12,1,1,0,0.075034,0.075034,0,×
12,2,1,0,0.215328,0.215328,0,×
13,0,1,0,0.393773,0.393773,0,√
14,0,1,0,0.114018,0.114018,0,×
14,1,1,0,0.117289,0.117289,0,×
14,2,1,0,0.112031,0.112031,0,×
15,0,1,0,0.328168,0.328168,0,√
15,1,1,0,0.430898,0.430898,0,√
15,2,1,0,0.590968,0.590968,0,√
16,0,1,0,0.176209,0.176209,0,×
16,1,1,0,0.147834,0.147834,0,×
16,2,1,0,0.066926,0.066926,0,×
16,3,1,0,-0.057419,-0.057419,0,×
16,4,1,0,0.134028,0.134028,0,×
16,5,1,0,0.146166,0.146166,0,×
16,6,1,0,0.105745,0.105745,0,×
16,7,1,0,0.156748,0.156748,0,×
16,8,1,0,0.176337,0.176337,0,×
16,9,1,0,0.103639,0.103639,0,×
16,10,1,0,0.105921,0.105921,0,×
16,11,1,0,0.086526,0.086526,0,×
16,12,1,0,0.139587,0.139587,0,×
16,13,1,0,0.102660,0.102660,0,×
16,14,1,0,0.126941,0.126941,0,×
16,15,1,0,0.207055,0.207055,0,×
17,0,1,0,0.290076,0.290076,0,√
18,0,1,1,0.771950,0.771950,1,√
18,1,1,0,0.287922,0.287922,0,√
18,2,1,0,0.598566,0.598566,0,√
18,3,1,0,0.450278,0.450278,0,√
18,4,1,1,0.660166,0.660166,1,√
19,0,1,0,0.400580,0.400580,0,×
19,1,1,0,0.463779,0.463779,0,×
20,0,1,0,0.276111,0.276111,0,×
20,1,1,1,0.600674,0.600674,1,×
21,0,1,0,0.140594,0.140594,0,×
21,1,1,0,0.559316,0.559316,0,×
22,0,1,0,0.048055,0.048055,0,√
22,1,1,0,0.274469,0.274469,0,√
22,2,1,1,0.629634,0.629634,1,√
22,3,1,0,0.398844,0.398844,0,√
22,4,1,1,0.810550,0.810550,1,√
23,0,1,0,0.487095,0.487095,0,√
24,0,1,1,0.601627,0.601627,1,×
24,1,1,1,0.630655,0.630655,1,×
24,2,1,0,0.083205,0.083205,0,×
25,0,1,0,0.420168,0.420168,0,√
25,1,1,0,0.106625,0.106625,0,√
25,2,1,0,0.397583,0.397583,0,√
25,3,1,0,0.029840,0.029840,0,√
26,0,1,1,0.831580,0.831580,1,√
26,1,1,0,0.090741,0.090741,0,√
26,2,1,0,0.099627,0.099627,0,√
26,3,1,0,0.562067,0.562067,0,√
27,0,1,0,0.284729,0.284729,0,√
27,1,1,0,0.211854,0.211854,0,√
28,0,1,0,0.383620,0.383620,0,√
28,1,1,0,0.007724,0.007724,0,√
28,2,1,0,0.324973,0.324973,0,√
28,3,1,0,0.032747,0.032747,0,√
28,4,1,0,0.019193,0.019193,0,√
28,5,1,0,0.034750,0.034750,0,√
28,6,1,0,0.400946,0.400946,0,√
29,0,1,0,0.129398,0.129398,0,√
29,1,1,0,0.380378,0.380378,0,√
29,2,1,0,0.579128,0.579128,0,√
29,3,1,1,0.664175,0.664175,1,√
30,0,1,0,0.591262,0.591262,0,√
30,1,1,0,0.115436,0.115436,0,√
30,2,1,1,0.653676,0.653676,1,√
30,3,1,0,0.115230,0.115230,0,√
30,4,1,0,0.026906,0.026906,0,√
30,5,1,0,0.086763,0.086763,0,√
31,0,1,0,0.191492,0.191492,0,×
31,1,1,0,0.149021,0.149021,0,×
31,2,1,0,0.049528,0.049528,0,×
31,3,1,0,0.588057,0.588057,0,×
32,0,1,0,0.593780,0.593780,0,√
32,1,1,0,0.394221,0.394221,0,√
32,2,1,0,0.169264,0.169264,0,√
33,0,1,0,0.331777,0.331777,0,√
34,0,1,1,0.686798,0.686798,1,×
35,0,1,0,0.111786,0.111786,0,√
35,1,1,0,0.408073,0.408073,0,√
36,0,1,1,0.822587,0.822587,1,√
36,1,1,0,0.153166,0.153166,0,√
36,2,1,0,0.023815,0.023815,0,√
36,3,1,0,0.597809,0.597809,0,√
37,0,1,0,0.136483,0.136483,0,×
37,1,1,0,0.064429,0.064429,0,×
37,2,1,0,0.113922,0.113922,0,×
37,3,1,0,0.056306,0.056306,0,×
37,4,1,0,0.150162,0.150162,0,×
38,0,1,0,0.543005,0.543005,0,√
38,1,1,0,0.095621,0.095621,0,√
38,2,1,0,0.266445,0.266445,0,√
38,3,1,0,0.090915,0.090915,0,√
38,4,1,0,0.160010,0.160010,0,√
38,5,1,0,0.110467,0.110467,0,√
38,6,1,0,0.289593,0.289593,0,√
38,7,1,0,0.085037,0.085037,0,√
38,8,1,0,0.168526,0.168526,0,√
38,9,1,0,0.126252,0.126252,0,√
38,10,1,0,0.325873,0.325873,0,√
38,11,1,0,0.135453,0.135453,0,√
38,12,1,0,0.263816,0.263816,0,√
38,13,1,0,0.117523,0.117523,0,√
38,14,1,1,0.655428,0.655428,1,√
38,15,1,0,0.137602,0.137602,0,√
38,16,1,0,0.439611,0.439611,0,√
38,17,1,1,0.726096,0.726096,1,√
38,18,1,0,0.417625,0.417625,0,√
39,0,1,0,0.259835,0.259835,0,×
39,1,1,0,0.224358,0.224358,0,×
39,2,1,0,0.092478,0.092478,0,×
40,0,1,1,0.770904,0.770904,1,√
40,1,1,0,0.334264,0.334264,0,√
40,2,1,1,0.661610,0.661610,1,√
41,0,1,0,0.359439,0.359439,0,√
41,1,1,0,0.579989,0.579989,0,√
41,2,1,0,0.360032,0.360032,0,√
41,3,1,0,0.311301,0.311301,0,√
42,0,1,0,0.172191,0.172191,0,×
42,1,1,0,0.150793,0.150793,0,×
42,2,1,0,0.125575,0.125575,0,×
42,3,1,0,0.152796,0.152796,0,×
42,4,1,0,0.172667,0.172667,0,×
42,5,1,0,0.334165,0.334165,0,×
42,6,1,0,0.294122,0.294122,0,×
42,7,1,0,0.209391,0.209391,0,×
43,0,1,0,0.144255,0.144255,0,√
43,1,1,1,0.623998,0.623998,1,√
43,2,1,0,0.143329,0.143329,0,√
43,3,1,0,-0.018255,-0.018255,0,√
43,4,1,1,0.737249,0.737249,1,√
44,0,1,0,0.163246,0.163246,0,×
44,1,1,0,-0.025109,-0.025109,0,×
44,2,1,0,0.245320,0.245320,0,×
44,3,1,0,0.058672,0.058672,0,×
44,4,1,0,0.249888,0.249888,0,×
44,5,1,0,0.390444,0.390444,0,×
44,6,1,0,0.171341,0.171341,0,×
44,7,1,0,0.062663,0.062663,0,×
44,8,1,0,0.329537,0.329537,0,×
44,9,1,0,0.142942,0.142942,0,×
44,10,1,0,0.073490,0.073490,0,×
44,11,1,0,0.330031,0.330031,0,×
45,0,1,0,0.206835,0.206835,0,√
46,0,1,0,0.294394,0.294394,0,×
46,1,1,0,0.277348,0.277348,0,×
46,2,1,0,0.213314,0.213314,0,×
46,3,1,0,0.410645,0.410645,0,×
47,0,1,0,0.565851,0.565851,0,√
47,1,1,1,0.764915,0.764915,1,√
47,2,1,0,-0.044190,-0.044190,0,√
47,3,1,0,0.540100,0.540100,0,√
48,0,1,0,0.161212,0.161212,0,√
48,1,1,0,0.438149,0.438149,0,√
48,2,1,1,0.732795,0.732795,1,√
48,3,1,0,0.255139,0.255139,0,√
48,4,1,1,0.611590,0.611590,1,√
48,5,1,1,0.734101,0.734101,1,√
48,6,1,1,0.868496,0.868496,1,√
49,0,1,0,0.075743,0.075743,0,√
49,1,1,0,0.480099,0.480099,0,√
50,0,1,1,0.696327,0.696327,1,√
50,1,1,0,0.481036,0.481036,0,√
50,2,1,0,0.327089,0.327089,0,√
50,3,1,0,0.428706,0.428706,0,√
51,0,1,0,0.183987,0.183987,0,√
51,1,1,0,0.534751,0.534751,0,√
52,0,1,1,0.613997,0.613997,1,√
52,1,1,1,0.636063,0.636063,1,√
52,2,1,0,0.240887,0.240887,0,√
52,3,1,0,0.331668,0.331668,0,√
52,4,1,1,0.602180,0.602180,1,√
52,5,1,1,0.620595,0.620595,1,√
53,0,1,0,0.575222,0.575222,0,×
54,0,1,0,0.427266,0.427266,0,√
54,1,1,0,0.328893,0.328893,0,√
54,2,1,0,0.324866,0.324866,0,√
55,0,1,0,0.211324,0.211324,0,√
55,1,1,0,-0.005418,-0.005418,0,√
55,2,1,0,0.113653,0.113653,0,√
55,3,1,1,0.854286,0.854286,1,√
56,0,1,1,0.772390,0.772390,1,√
56,1,1,0,0.582596,0.582596,0,√
56,2,1,0,0.461013,0.461013,0,√
56,3,1,1,0.608615,0.608615,1,√
57,0,1,0,-0.005166,-0.005166,0,×
57,1,1,0,0.040583,0.040583,0,×
57,2,1,0,0.123447,0.123447,0,×
57,3,1,0,0.152108,0.152108,0,×
57,4,1,0,0.308890,0.308890,0,×
57,5,1,0,0.583914,0.583914,0,×
58,0,1,0,0.535534,0.535534,0,√
59,0,1,1,0.713737,0.713737,1,√
59,1,1,1,0.762961,0.762961,1,√
59,2,1,0,0.467245,0.467245,0,√
59,3,1,0,0.454086,0.454086,0,√
59,4,1,1,0.698717,0.698717,1,√
59,5,1,1,0.694687,0.694687,1,√
60,0,1,0,0.134112,0.134112,0,×
60,1,1,0,0.226651,0.226651,0,×
60,2,1,0,0.095934,0.095934,0,×
60,3,1,0,0.052548,0.052548,0,×
61,0,1,0,0.290886,0.290886,0,√
61,1,1,0,0.133483,0.133483,0,√
61,2,1,0,0.470610,0.470610,0,√
61,3,1,0,0.167978,0.167978,0,√
61,4,1,1,0.807311,0.807311,1,√
62,0,1,0,0.559497,0.559497,0,√
62,1,1,1,0.869893,0.869893,1,√
63,0,1,0,0.505393,0.505393,0,√
64,0,1,0,0.284726,0.284726,0,×
64,1,1,0,0.375986,0.375986,0,×
64,2,1,0,0.264979,0.264979,0,×
64,3,1,0,0.353562,0.353562,0,×
64,4,1,1,0.643860,0.643860,1,×
64,5,1,0,0.263823,0.263823,0,×
64,6,1,0,0.514481,0.514481,0,×
64,7,1,0,0.336595,0.336595,0,×
64,8,1,0,0.327810,0.327810,0,×
64,9,1,0,0.132201,0.132201,0,×
65,0,1,0,0.087360,0.087360,0,×
65,1,1,0,0.020435,0.020435,0,×
65,2,1,0,0.164111,0.164111,0,×
65,3,1,0,-0.043747,-0.043747,0,×
65,4,1,0,0.023109,0.023109,0,×
65,5,1,0,0.097699,0.097699,0,×
65,6,1,0,0.100891,0.100891,0,×
65,7,1,0,0.150427,0.150427,0,×
65,8,1,0,0.217970,0.217970,0,×
65,9,1,0,0.074158,0.074158,0,×
65,10,1,0,0.051221,0.051221,0,×
65,11,1,0,0.136775,0.136775,0,×
66,0,1,0,0.392111,0.392111,0,√
66,1,1,0,0.446323,0.446323,0,√
66,2,1,0,0.534647,0.534647,0,√
66,3,1,1,0.741061,0.741061,1,√
67,0,1,0,0.142488,0.142488,0,×
67,1,1,0,0.005015,0.005015,0,×
67,2,1,0,0.108976,0.108976,0,×
67,3,1,0,0.173267,0.173267,0,×
67,4,1,0,0.142043,0.142043,0,×
67,5,1,0,0.106484,0.106484,0,×
67,6,1,0,0.075299,0.075299,0,×
67,7,1,0,0.106940,0.106940,0,×
67,8,1,0,0.176200,0.176200,0,×
68,0,1,0,0.209480,0.209480,0,×
68,1,1,0,0.207719,0.207719,0,×
68,2,1,0,0.127688,0.127688,0,×
68,3,1,0,0.151853,0.151853,0,×
68,4,1,0,0.148430,0.148430,0,×
69,0,1,0,0.130827,0.130827,0,×
69,1,1,0,0.180049,0.180049,0,×
69,2,1,0,0.081489,0.081489,0,×
69,3,1,0,0.146073,0.146073,0,×
69,4,1,0,0.101494,0.101494,0,×
69,5,1,0,0.160715,0.160715,0,×
70,0,1,0,0.095922,0.095922,0,×
70,1,1,0,0.026023,0.026023,0,×
70,2,1,0,0.013320,0.013320,0,×
71,0,1,1,0.706980,0.706980,1,√
71,1,1,1,0.695117,0.695117,1,√
71,2,1,0,0.589126,0.589126,0,√
71,3,1,1,0.649216,0.649216,1,√
71,4,1,0,0.344685,0.344685,0,√
71,5,1,0,0.132962,0.132962,0,√
71,6,1,0,0.543873,0.543873,0,√
71,7,1,1,0.878059,0.878059,1,√
72,0,1,0,0.287342,0.287342,0,√
72,1,1,0,-0.010805,-0.010805,0,√
72,2,1,0,-0.017569,-0.017569,0,√
73,0,1,0,-0.003992,-0.003992,0,×
74,0,1,1,0.752957,0.752957,1,√
74,1,1,1,0.761880,0.761880,1,√
74,2,1,0,0.305583,0.305583,0,√
74,3,1,0,0.228576,0.228576,0,√
75,0,1,0,0.299864,0.299864,0,√
75,1,1,0,0.127606,0.127606,0,√
75,2,1,0,0.212685,0.212685,0,√
75,3,1,0,0.146729,0.146729,0,√
75,4,1,0,0.127048,0.127048,0,√
75,5,1,0,0.440627,0.440627,0,√
75,6,1,0,0.577686,0.577686,0,√
76,0,1,1,0.643208,0.643208,1,√
76,1,1,1,0.638624,0.638624,1,√
77,0,1,0,0.014462,0.014462,0,×
77,1,1,0,0.060010,0.060010,0,×
77,2,1,0,0.130447,0.130447,0,×
77,3,1,0,0.193739,0.193739,0,×
78,0,1,0,0.426993,0.426993,0,×
78,1,1,0,0.311895,0.311895,0,×
78,2,1,0,0.249367,0.249367,0,×
78,3,1,0,0.423049,0.423049,0,×
79,0,1,0,0.566818,0.566818,0,√
80,0,1,0,0.215475,0.215475,0,×
80,1,1,0,0.113399,0.113399,0,×
80,2,1,0,0.021893,0.021893,0,×
80,3,1,0,0.098499,0.098499,0,×
80,4,1,0,0.128950,0.128950,0,×
80,5,1,0,0.323968,0.323968,0,×
81,0,1,0,0.315602,0.315602,0,×
82,0,1,1,0.832313,0.832313,1,×
83,0,1,0,0.357290,0.357290,0,√
83,1,1,0,0.195819,0.195819,0,√
83,2,1,0,0.162457,0.162457,0,√
84,0,1,0,0.575054,0.575054,0,√
85,0,1,0,0.022532,0.022532,0,×
85,1,1,0,0.350195,0.350195,0,×
86,0,1,0,0.083923,0.083923,0,×
86,1,1,0,0.111698,0.111698,0,×
86,2,1,0,0.140809,0.140809,0,×
86,3,1,0,0.477352,0.477352,0,×
87,0,1,1,0.765400,0.765400,1,×
87,1,1,0,0.354609,0.354609,0,×
87,2,1,0,0.432850,0.432850,0,×
88,0,1,1,0.667426,0.667426,1,√
88,1,1,0,0.459963,0.459963,0,√
88,2,1,0,0.561034,0.561034,0,√
88,3,1,0,0.255366,0.255366,0,√
88,4,1,0,0.533264,0.533264,0,√
89,0,1,0,0.529777,0.529777,0,√
89,1,1,0,0.421170,0.421170,0,√
89,2,1,0,0.111809,0.111809,0,√
89,3,1,0,0.185260,0.185260,0,√
89,4,1,0,0.554882,0.554882,0,√
89,5,1,1,0.629837,0.629837,1,√
90,0,1,0,0.151080,0.151080,0,√
90,1,1,0,0.095067,0.095067,0,√
90,2,1,0,0.204912,0.204912,0,√
90,3,1,0,0.194287,0.194287,0,√
90,4,1,0,0.167060,0.167060,0,√
90,5,1,0,0.285368,0.285368,0,√
90,6,1,0,0.283464,0.283464,0,√
90,7,1,0,0.254566,0.254566,0,√
90,8,1,0,0.182379,0.182379,0,√
91,0,1,0,0.373091,0.373091,0,×
91,1,1,0,0.326785,0.326785,0,×
92,0,1,0,0.319756,0.319756,0,×
92,1,1,0,0.076108,0.076108,0,×
92,2,1,0,0.120256,0.120256,0,×
92,3,1,0,0.195032,0.195032,0,×
92,4,1,0,0.152836,0.152836,0,×
93,0,1,1,0.635464,0.635464,1,√
93,1,1,1,0.707285,0.707285,1,√
93,2,1,0,0.566581,0.566581,0,√
93,3,1,0,0.252876,0.252876,0,√
93,4,1,0,0.013532,0.013532,0,√
93,5,1,0,0.533536,0.533536,0,√
94,0,1,0,0.594702,0.594702,0,√
94,1,1,0,0.578663,0.578663,0,√
94,2,1,0,0.478005,0.478005,0,√
94,3,1,0,0.579767,0.579767,0,√
94,4,1,1,0.889218,0.889218,1,√
95,0,1,0,0.179884,0.179884,0,√
95,1,1,0,0.562047,0.562047,0,√
96,0,1,0,0.078891,0.078891,0,√
96,1,1,0,0.048352,0.048352,0,√
96,2,1,0,0.065022,0.065022,0,√
96,3,1,0,0.259170,0.259170,0,√
97,0,1,1,0.746632,0.746632,1,√
98,0,1,0,0.176367,0.176367,0,×
98,1,1,0,0.000666,0.000666,0,×
98,2,1,0,0.115587,0.115587,0,×
98,3,1,0,0.149951,0.149951,0,×
98,4,1,0,0.029545,0.029545,0,×
98,5,1,0,0.163559,0.163559,0,×
98,6,1,0,0.202215,0.202215,0,×
98,7,1,0,0.154520,0.154520,0,×
98,8,1,0,0.098955,0.098955,0,×
98,9,1,0,0.148284,0.148284,0,×
98,10,1,0,0.096222,0.096222,0,×
98,11,1,0,0.082273,0.082273,0,×
98,12,1,0,0.333485,0.333485,0,×
98,13,1,0,0.250070,0.250070,0,×
98,14,1,0,0.311791,0.311791,0,×
99,0,1,1,0.814797,0.814797,1,√
99,1,1,0,0.521943,0.521943,0,√
99,2,1,1,0.695853,0.695853,1,√
99,3,1,0,0.394886,0.394886,0,√
99,4,1,0,0.345843,0.345843,0,√
99,5,1,1,0.706191,0.706191,1,√
99,6,2,0,0.377601,0.326425,0,√
99,7,1,0,0.274834,0.274834,0,√
99,8,1,1,0.644334,0.644334,1,√
100,0,1,0,0.157259,0.157259,0,×
100,1,1,0,0.111318,0.111318,0,×
100,2,1,0,0.090161,0.090161,0,×
100,3,1,0,0.244732,0.244732,0,×
100,4,1,0,0.082670,0.082670,0,×
100,5,1,0,0.176832,0.176832,0,×
100,6,1,0,0.176532,0.176532,0,×
101,0,1,1,0.604670,0.604670,1,√
102,0,1,0,0.192149,0.192149,0,×
102,1,1,0,0.170423,0.170423,0,×
102,2,1,0,0.055087,0.055087,0,×
102,3,1,0,0.270841,0.270841,0,×
103,0,1,0,0.137721,0.137721,0,×
103,1,1,0,0.004533,0.004533,0,×
103,2,1,0,0.102472,0.102472,0,×
103,3,1,0,0.085078,0.085078,0,×
104,0,1,0,0.129405,0.129405,0,√
104,1,1,1,0.642635,0.642635,1,√
105,0,1,0,0.040402,0.040402,0,√
105,1,1,0,0.159575,0.159575,0,√
105,2,1,0,0.162919,0.162919,0,√
105,3,1,0,0.204963,0.204963,0,√
105,4,1,1,0.819075,0.819075,1,√
106,0,1,0,0.586791,0.586791,0,√
106,1,1,0,0.359779,0.359779,0,√
106,2,1,0,0.166160,0.166160,0,√
106,3,1,1,0.605386,0.605386,1,√
107,0,1,1,0.739722,0.739722,1,√
107,1,1,1,0.827271,0.827271,1,√
107,2,1,0,0.395051,0.395051,0,√
107,3,1,1,0.687647,0.687647,1,√
108,0,1,0,0.102778,0.102778,0,×
108,1,1,0,0.141865,0.141865,0,×
108,2,1,0,-0.005205,-0.005205,0,×
108,3,1,0,0.052129,0.052129,0,×
108,4,1,0,0.064151,0.064151,0,×
108,5,1,0,0.034695,0.034695,0,×
108,6,1,0,0.121671,0.121671,0,×
108,7,1,0,0.028754,0.028754,0,×
108,8,1,0,0.030419,0.030419,0,×
108,9,1,0,0.065230,0.065230,0,×
108,10,1,0,0.111197,0.111197,0,×
108,11,1,0,0.093459,0.093459,0,×
109,0,1,0,0.420759,0.420759,0,√
109,1,1,0,0.269440,0.269440,0,√
110,0,1,0,0.408430,0.408430,0,√
110,1,1,0,0.195222,0.195222,0,√
110,2,1,0,0.044390,0.044390,0,√
110,3,1,0,-0.015632,-0.015632,0,√
110,4,1,0,0.179888,0.179888,0,√
110,5,1,0,0.119721,0.119721,0,√
110,6,1,0,-0.051874,-0.051874,0,√
110,7,1,0,-0.021701,-0.021701,0,√
111,0,1,1,0.704267,0.704267,1,√
111,1,1,1,0.652368,0.652368,1,√
111,2,1,0,0.349515,0.349515,0,√
111,3,1,0,0.197607,0.197607,0,√
111,4,1,0,0.593267,0.593267,0,√
112,0,1,0,0.103365,0.103365,0,√
112,1,1,0,-0.013359,-0.013359,0,√
112,2,1,0,-0.050180,-0.050180,0,√
112,3,1,0,0.023074,0.023074,0,√
112,4,1,0,0.045409,0.045409,0,√
112,5,1,0,-0.013274,-0.013274,0,√
113,0,1,0,0.242254,0.242254,0,×
113,1,1,0,0.116177,0.116177,0,×
114,0,1,0,0.525730,0.525730,0,√
114,1,1,0,0.573578,0.573578,0,√
114,2,1,0,0.413451,0.413451,0,√
114,3,1,0,0.397067,0.397067,0,√
114,4,1,0,0.291476,0.291476,0,√
114,5,1,0,0.466434,0.466434,0,√
114,6,1,0,0.483922,0.483922,0,√
115,0,1,0,0.179864,0.179864,0,×
115,1,1,0,0.027609,0.027609,0,×
115,2,1,0,0.163352,0.163352,0,×
115,3,1,0,0.089854,0.089854,0,×
115,4,1,0,0.148995,0.148995,0,×
115,5,1,0,0.209090,0.209090,0,×
116,0,2,0,0.238386,0.181154,0,√
116,1,1,1,0.710318,0.710318,1,√
116,2,1,0,0.072399,0.072399,0,√
116,3,1,0,0.490709,0.490709,0,√
116,4,1,0,0.487159,0.487159,0,√
117,0,1,0,0.371986,0.371986,0,√
117,1,1,0,0.420487,0.420487,0,√
117,2,1,0,0.345755,0.345755,0,√
117,3,1,0,0.518376,0.518376,0,√
118,0,1,0,0.340764,0.340764,0,√
119,0,1,0,0.456987,0.456987,0,√
119,1,1,0,0.476874,0.476874,0,√
119,2,1,0,0.030145,0.030145,0,√
119,3,1,0,0.298507,0.298507,0,√
119,4,1,0,0.504925,0.504925,0,√
119,5,1,0,0.037146,0.037146,0,√
119,6,1,0,0.171651,0.171651,0,√
119,7,1,0,0.380845,0.380845,0,√
120,0,1,0,0.487054,0.487054,0,√
121,0,1,0,0.378794,0.378794,0,√
121,1,1,0,0.313783,0.313783,0,√
121,2,1,0,0.041476,0.041476,0,√
121,3,1,0,0.526286,0.526286,0,√
121,4,1,0,0.459043,0.459043,0,√
121,5,1,0,0.375959,0.375959,0,√
121,6,1,0,0.042263,0.042263,0,√
121,7,1,0,0.535325,0.535325,0,√
121,8,1,1,0.614239,0.614239,1,√
121,9,1,0,0.233627,0.233627,0,√
121,10,1,0,0.012770,0.012770,0,√
121,11,1,0,0.409121,0.409121,0,√
121,12,1,0,0.374020,0.374020,0,√
121,13,1,0,0.025873,0.025873,0,√
121,14,1,0,0.289302,0.289302,0,√
121,15,1,0,0.363744,0.363744,0,√
121,16,1,0,0.412634,0.412634,0,√
121,17,1,0,0.022671,0.022671,0,√
121,18,1,0,0.224142,0.224142,0,√
121,19,1,0,0.219208,0.219208,0,√
121,20,1,0,0.021849,0.021849,0,√
121,21,1,0,0.419588,0.419588,0,√
121,22,1,0,0.485651,0.485651,0,√
121,23,1,0,0.335437,0.335437,0,√
121,24,1,0,0.308562,0.308562,0,√
121,25,1,0,0.438614,0.438614,0,√
121,26,1,1,0.610868,0.610868,1,√
122,0,1,0,0.320079,0.320079,0,×
122,1,1,0,0.361021,0.361021,0,×
122,2,1,0,0.227509,0.227509,0,×
123,0,1,0,0.205976,0.205976,0,√
123,1,1,0,0.095358,0.095358,0,√
123,2,1,0,0.088028,0.088028,0,√
123,3,1,0,0.412994,0.412994,0,√
123,4,1,0,0.183886,0.183886,0,√
123,5,1,0,0.093942,0.093942,0,√
124,0,1,0,0.322443,0.322443,0,√
124,1,1,0,0.515981,0.515981,0,√
124,2,1,0,0.307864,0.307864,0,√
124,3,1,0,0.324182,0.324182,0,√
125,0,1,0,0.455096,0.455096,0,√
126,0,1,0,0.152649,0.152649,0,√
126,1,1,0,-0.033961,-0.033961,0,√
126,2,1,0,-0.019464,-0.019464,0,√
126,3,1,0,0.059067,0.059067,0,√
126,4,1,0,0.077765,0.077765,0,√
126,5,1,0,0.055521,0.055521,0,√
126,6,1,0,0.094146,0.094146,0,√
127,0,1,0,0.562870,0.562870,0,√
127,1,1,0,0.466535,0.466535,0,√
127,2,1,1,0.612991,0.612991,1,√
127,3,1,1,0.636203,0.636203,1,√
128,0,1,0,0.453119,0.453119,0,√
128,1,1,0,0.404783,0.404783,0,√
128,2,1,0,0.234880,0.234880,0,√
128,3,1,1,0.805074,0.805074,1,√
129,0,1,0,0.423571,0.423571,0,√
129,1,1,1,0.620230,0.620230,1,√
129,2,1,0,-0.036830,-0.036830,0,√
129,3,1,0,0.469632,0.469632,0,√
129,4,1,0,-0.007242,-0.007242,0,√
129,5,1,0,0.065628,0.065628,0,√
129,6,1,0,-0.007222,-0.007222,0,√
129,7,1,0,0.418616,0.418616,0,√
130,0,1,1,0.614346,0.614346,1,√
130,1,1,1,0.660450,0.660450,1,√
131,0,1,0,0.423916,0.423916,0,√
131,1,1,0,0.326896,0.326896,0,√
131,2,1,0,0.228902,0.228902,0,√
131,3,1,0,0.277968,0.277968,0,√
131,4,1,0,0.398402,0.398402,0,√
131,5,1,0,0.390498,0.390498,0,√
132,0,1,0,0.142241,0.142241,0,×
132,1,1,0,0.238421,0.238421,0,×
132,2,1,0,0.275811,0.275811,0,×
132,3,1,0,0.375657,0.375657,0,×
133,0,1,1,0.799486,0.799486,1,√
133,1,1,1,0.677472,0.677472,1,√
133,2,1,0,0.249995,0.249995,0,√
133,3,1,0,0.184034,0.184034,0,√
133,4,1,0,0.297532,0.297532,0,√
133,5,1,1,0.649431,0.649431,1,√
134,0,1,0,0.506962,0.506962,0,√
134,1,1,0,0.244469,0.244469,0,√
134,2,1,0,0.400959,0.400959,0,√
134,3,1,0,0.510909,0.510909,0,√
134,4,1,0,0.259109,0.259109,0,√
134,5,1,0,0.470839,0.470839,0,√
134,6,1,0,0.585159,0.585159,0,√
134,7,1,0,0.393113,0.393113,0,√
134,8,1,0,0.138598,0.138598,0,√
134,9,1,0,0.218279,0.218279,0,√
134,10,1,0,0.365132,0.365132,0,√
134,11,1,0,0.429700,0.429700,0,√
134,12,1,1,0.863270,0.863270,1,√
135,0,1,0,0.221246,0.221246,0,×
135,1,1,0,0.278808,0.278808,0,×
135,2,1,0,0.036887,0.036887,0,×
135,3,1,0,0.057158,0.057158,0,×
135,4,1,0,0.300022,0.300022,0,×
136,0,1,0,0.287394,0.287394,0,√
137,0,1,0,0.433836,0.433836,0,×
137,1,1,0,0.482804,0.482804,0,×
137,2,1,0,0.335985,0.335985,0,×
138,0,1,0,0.592608,0.592608,0,√
138,1,1,0,0.522217,0.522217,0,√
138,2,1,1,0.762338,0.762338,1,√
138,3,1,0,0.401900,0.401900,0,√
139,0,1,0,0.129434,0.129434,0,√
139,1,1,0,-0.030868,-0.030868,0,√
139,2,1,0,0.018704,0.018704,0,√
139,3,1,0,-0.035171,-0.035171,0,√
139,4,1,0,0.030599,0.030599,0,√
139,5,1,0,0.043860,0.043860,0,√
139,6,1,0,0.083905,0.083905,0,√
140,0,1,0,0.145732,0.145732,0,√
140,1,1,0,0.001093,0.001093,0,√
140,2,1,0,0.007198,0.007198,0,√
140,3,1,0,-0.008836,-0.008836,0,√
140,4,1,0,0.126190,0.126190,0,√
140,5,1,0,0.099688,0.099688,0,√
140,6,1,0,0.123979,0.123979,0,√
140,7,1,0,0.086612,0.086612,0,√
140,8,1,0,0.016201,0.016201,0,√
141,0,1,0,0.066941,0.066941,0,×
141,1,1,0,0.062720,0.062720,0,×
141,2,1,0,0.030645,0.030645,0,×
141,3,1,0,0.022615,0.022615,0,×
141,4,1,0,0.061967,0.061967,0,×
141,5,1,0,-0.033271,-0.033271,0,×
141,6,1,0,0.056574,0.056574,0,×
141,7,1,0,0.068594,0.068594,0,×
141,8,1,0,0.012934,0.012934,0,×
141,9,1,0,0.020656,0.020656,0,×
142,0,1,0,0.281237,0.281237,0,×
142,1,1,0,0.367670,0.367670,0,×
142,2,1,0,0.203803,0.203803,0,×
142,3,1,0,0.414236,0.414236,0,×
143,0,1,0,0.134806,0.134806,0,√
143,1,1,0,0.035603,0.035603,0,√
143,2,1,0,0.081315,0.081315,0,√
143,3,1,0,-0.037677,-0.037677,0,√
143,4,1,0,0.085794,0.085794,0,√
143,5,1,0,-0.019055,-0.019055,0,√
143,6,1,0,0.066849,0.066849,0,√
143,7,1,0,-0.041666,-0.041666,0,√
143,8,1,0,0.037021,0.037021,0,√
143,9,1,0,0.091726,0.091726,0,√
143,10,1,0,0.414512,0.414512,0,√
144,0,1,0,0.536282,0.536282,0,×
145,0,1,0,0.064758,0.064758,0,×
145,1,1,0,0.015396,0.015396,0,×
145,2,1,0,0.047588,0.047588,0,×
145,3,1,0,0.307732,0.307732,0,×
145,4,1,0,0.187834,0.187834,0,×
145,5,1,0,0.299617,0.299617,0,×
145,6,1,0,0.356495,0.356495,0,×
145,7,1,0,0.221266,0.221266,0,×
146,0,1,0,0.531946,0.531946,0,√
146,1,1,0,0.460650,0.460650,0,√
146,2,1,1,0.920101,0.920101,1,√
147,0,1,0,0.124253,0.124253,0,√
147,1,1,0,0.054374,0.054374,0,√
147,2,1,1,0.617490,0.617490,1,√
147,3,1,0,0.296079,0.296079,0,√
147,4,1,0,0.163871,0.163871,0,√
147,5,1,0,0.183860,0.183860,0,√
148,0,1,1,0.709806,0.709806,1,√
148,1,1,0,0.577791,0.577791,0,√
148,2,1,1,0.725516,0.725516,1,√
148,3,1,0,0.408205,0.408205,0,√
149,0,1,0,0.106337,0.106337,0,√
149,1,1,0,0.357074,0.357074,0,√
149,2,1,0,0.573214,0.573214,0,√
150,0,1,0,0.351704,0.351704,0,√
150,1,1,0,0.352069,0.352069,0,√
150,2,1,0,0.522097,0.522097,0,√
150,3,1,1,0.771747,0.771747,1,√
151,0,1,0,0.063654,0.063654,0,×
151,1,1,0,0.040863,0.040863,0,×
151,2,1,0,0.158450,0.158450,0,×
151,3,1,0,-0.019388,-0.019388,0,×
152,0,1,0,0.180771,0.180771,0,√
152,1,1,0,0.110646,0.110646,0,√
153,0,1,1,0.622475,0.622475,1,√
153,1,1,0,0.065879,0.065879,0,√
153,2,1,0,0.203918,0.203918,0,√
153,3,1,0,0.578632,0.578632,0,√
154,0,1,0,0.537735,0.537735,0,×
154,1,1,0,0.457465,0.457465,0,×
154,2,1,0,0.434877,0.434877,0,×
154,3,1,0,0.358257,0.358257,0,×
154,4,1,0,0.224354,0.224354,0,×
154,5,1,0,0.499659,0.499659,0,×
154,6,1,0,0.544533,0.544533,0,×
155,0,1,0,0.095553,0.095553,0,√
155,1,1,0,0.153716,0.153716,0,√
155,2,1,0,0.446767,0.446767,0,√
155,3,1,0,0.236235,0.236235,0,√
155,4,1,0,0.499796,0.499796,0,√
155,5,1,0,0.120676,0.120676,0,√
155,6,1,0,0.339719,0.339719,0,√
156,0,1,0,0.517592,0.517592,0,×
157,0,1,0,0.377178,0.377178,0,√
157,1,1,0,0.300433,0.300433,0,√
157,2,1,0,0.316974,0.316974,0,√
157,3,1,0,0.436895,0.436895,0,√
157,4,1,0,0.528771,0.528771,0,√
157,5,1,0,0.524495,0.524495,0,√
157,6,1,0,0.260720,0.260720,0,√
158,0,1,0,0.452091,0.452091,0,√
158,1,1,0,0.278102,0.278102,0,√
158,2,1,0,0.318921,0.318921,0,√
158,3,1,0,0.362067,0.362067,0,√
159,0,1,0,0.167343,0.167343,0,√
159,1,1,0,0.098037,0.098037,0,√
159,2,1,0,0.037661,0.037661,0,√
159,3,1,0,0.083286,0.083286,0,√
159,4,1,0,0.237673,0.237673,0,√
160,0,1,0,0.232780,0.232780,0,√
160,1,1,0,0.139332,0.139332,0,√
160,2,1,0,0.506074,0.506074,0,√
160,3,1,1,0.899658,0.899658,1,√
161,0,1,0,0.508019,0.508019,0,×
162,0,1,1,0.615390,0.615390,1,√
162,1,1,0,0.305110,0.305110,0,√
162,2,1,0,0.212304,0.212304,0,√
163,0,1,0,0.582363,0.582363,0,√
163,1,1,1,0.634269,0.634269,1,√
163,2,1,1,0.633131,0.633131,1,√
163,3,1,0,0.153364,0.153364,0,√
163,4,1,1,0.664108,0.664108,1,√
163,5,2,0,0.315775,0.310501,0,√
163,6,1,0,0.318073,0.318073,0,√
163,7,1,1,0.691430,0.691430,1,√
164,0,1,0,-0.091334,-0.091334,0,√
164,1,1,0,-0.017657,-0.017657,0,√
164,2,1,0,0.226950,0.226950,0,√
164,3,1,0,0.041584,0.041584,0,√
164,4,1,0,0.255049,0.255049,0,√
165,0,1,0,0.511626,0.511626,0,×
165,1,1,0,0.304383,0.304383,0,×
165,2,1,0,0.317148,0.317148,0,×
165,3,1,0,0.052903,0.052903,0,×
166,0,1,1,0.640272,0.640272,1,√
166,1,1,0,0.216823,0.216823,0,√
166,2,1,1,0.651245,0.651245,1,√
166,3,1,0,0.143909,0.143909,0,√
166,4,1,0,0.240310,0.240310,0,√
166,5,1,0,0.251865,0.251865,0,√
166,6,1,0,0.439190,0.439190,0,√
166,7,1,0,0.058567,0.058567,0,√
166,8,1,0,0.471502,0.471502,0,√
166,9,1,0,0.139483,0.139483,0,√
166,10,1,1,0.661487,0.661487,1,√
167,0,1,0,0.239396,0.239396,0,×
167,1,1,0,0.288561,0.288561,0,×
167,2,1,0,0.085088,0.085088,0,×
167,3,1,0,0.353850,0.353850,0,×
167,4,1,1,0.761956,0.761956,1,×
167,5,1,0,0.569284,0.569284,0,×
167,6,1,0,0.285931,0.285931,0,×
167,7,1,0,0.520693,0.520693,0,×
168,0,1,0,0.344066,0.344066,0,√
168,1,1,0,0.322120,0.322120,0,√
168,2,1,0,0.081152,0.081152,0,√
168,3,1,0,0.280619,0.280619,0,√
169,0,1,0,0.406601,0.406601,0,√
170,0,1,0,0.478486,0.478486,0,√
171,0,1,0,0.200494,0.200494,0,×
171,1,1,0,0.122266,0.122266,0,×
171,2,1,0,0.120800,0.120800,0,×
171,3,1,0,0.023515,0.023515,0,×
171,4,1,0,0.039240,0.039240,0,×
171,5,1,0,0.081624,0.081624,0,×
171,6,1,0,0.228897,0.228897,0,×
172,0,1,0,0.483130,0.483130,0,√
172,1,1,1,0.666112,0.666112,1,√
172,2,1,0,0.036279,0.036279,0,√
173,0,1,0,-0.016744,-0.016744,0,√
173,1,1,0,0.012410,0.012410,0,√
173,2,1,0,0.010053,0.010053,0,√
173,3,1,0,0.020412,0.020412,0,√
173,4,1,0,-0.077466,-0.077466,0,√
173,5,1,0,0.146558,0.146558,0,√
174,0,1,0,0.508611,0.508611,0,√
174,1,1,0,0.431258,0.431258,0,√
175,0,1,0,0.545103,0.545103,0,×
175,1,1,0,0.478636,0.478636,0,×
175,2,1,0,0.088241,0.088241,0,×
175,3,1,0,0.290149,0.290149,0,×
175,4,1,0,0.521233,0.521233,0,×
175,5,1,0,0.178813,0.178813,0,×
175,6,1,0,0.061469,0.061469,0,×
175,7,1,0,0.266150,0.266150,0,×
175,8,1,0,0.518673,0.518673,0,×
175,9,1,0,0.415615,0.415615,0,×
176,0,1,0,0.177256,0.177256,0,×
176,1,1,0,0.101837,0.101837,0,×
176,2,1,0,0.261130,0.261130,0,×
176,3,1,0,0.031073,0.031073,0,×
176,4,1,0,0.382158,0.382158,0,×
176,5,1,0,0.253550,0.253550,0,×
176,6,1,0,0.329565,0.329565,0,×
177,0,1,0,0.375734,0.375734,0,√
177,1,1,0,0.464717,0.464717,0,√
177,2,1,0,0.416770,0.416770,0,√
177,3,1,0,0.260717,0.260717,0,√
178,0,1,1,0.602966,0.602966,1,√
178,1,1,0,0.112003,0.112003,0,√
178,2,1,0,0.467021,0.467021,0,√
179,0,1,0,0.116229,0.116229,0,×
179,1,1,0,0.010571,0.010571,0,×
179,2,1,0,0.044256,0.044256,0,×
179,3,1,0,0.068135,0.068135,0,×
179,4,1,0,0.186239,0.186239,0,×
179,5,1,0,0.064947,0.064947,0,×
179,6,1,0,0.091279,0.091279,0,×
180,0,1,0,0.214358,0.214358,0,×
180,1,1,0,0.236497,0.236497,0,×
181,0,1,0,0.149626,0.149626,0,√
181,1,1,0,0.076678,0.076678,0,√
181,2,1,0,0.004354,0.004354,0,√
181,3,1,0,0.049364,0.049364,0,√
181,4,1,0,0.009407,0.009407,0,√
181,5,1,0,0.081619,0.081619,0,√
181,6,1,0,0.125242,0.125242,0,√
181,7,1,0,0.007054,0.007054,0,√
181,8,1,0,0.025931,0.025931,0,√
181,9,1,0,0.014403,0.014403,0,√
182,0,1,0,0.519206,0.519206,0,√
182,1,1,0,0.346371,0.346371,0,√
183,0,1,0,0.217673,0.217673,0,×
183,1,1,0,0.249462,0.249462,0,×
183,2,1,0,0.523046,0.523046,0,×
183,3,1,0,0.410404,0.410404,0,×
183,4,1,0,-0.014770,-0.014770,0,×
183,5,1,0,0.214280,0.214280,0,×
183,6,1,0,0.087741,0.087741,0,×
183,7,1,0,0.296390,0.296390,0,×
184,0,1,1,0.746747,0.746747,1,√
184,1,1,1,0.745063,0.745063,1,√
184,2,1,0,0.382048,0.382048,0,√
184,3,1,1,0.616297,0.616297,1,√
184,4,1,0,0.443245,0.443245,0,√
184,5,1,0,0.120877,0.120877,0,√
184,6,1,0,0.538434,0.538434,0,√
184,7,1,0,0.532677,0.532677,0,√
184,8,1,0,0.229261,0.229261,0,√
185,0,1,1,0.765055,0.765055,1,√
185,1,1,0,0.137500,0.137500,0,√
185,2,1,0,0.047623,0.047623,0,√
185,3,1,0,0.459713,0.459713,0,√
185,4,1,0,0.564483,0.564483,0,√
186,0,1,0,0.101208,0.101208,0,×
186,1,1,0,0.015667,0.015667,0,×
186,2,1,0,0.071254,0.071254,0,×
186,3,1,0,0.005649,0.005649,0,×
186,4,1,0,0.220680,0.220680,0,×
187,0,1,0,0.012850,0.012850,0,×
187,1,1,0,0.199988,0.199988,0,×
187,2,1,0,0.002575,0.002575,0,×
187,3,1,0,0.179503,0.179503,0,×
187,4,1,0,0.194159,0.194159,0,×
188,0,1,0,0.193057,0.193057,0,√
188,1,1,0,0.036431,0.036431,0,√
188,2,1,0,0.168329,0.168329,0,√
188,3,1,0,0.172769,0.172769,0,√
188,4,1,0,0.349081,0.349081,0,√
188,5,1,0,0.299700,0.299700,0,√
188,6,1,0,0.074481,0.074481,0,√
189,0,1,0,0.553251,0.553251,0,×
189,1,1,0,0.432119,0.432119,0,×
189,2,1,0,0.598083,0.598083,0,×
190,0,1,0,0.312824,0.312824,0,√
190,1,1,0,0.135546,0.135546,0,√
190,2,1,0,0.072265,0.072265,0,√
191,0,1,0,0.236928,0.236928,0,√
191,1,1,1,0.652146,0.652146,1,√
191,2,1,0,0.505198,0.505198,0,√
191,3,1,0,0.543012,0.543012,0,√
192,0,1,1,0.729171,0.729171,1,√
192,1,1,0,0.474235,0.474235,0,√
192,2,1,0,0.429169,0.429169,0,√
192,3,1,0,0.202599,0.202599,0,√
192,4,1,1,0.628964,0.628964,1,√
193,0,1,0,0.187904,0.187904,0,√
193,1,1,0,0.015624,0.015624,0,√
193,2,1,0,0.054982,0.054982,0,√
193,3,1,0,0.011296,0.011296,0,√
193,4,1,0,0.032657,0.032657,0,√
193,5,1,0,0.008720,0.008720,0,√
193,6,1,0,0.057165,0.057165,0,√
194,0,1,0,0.343393,0.343393,0,×
194,1,1,0,0.280144,0.280144,0,×
194,2,1,0,0.341576,0.341576,0,×
195,0,1,0,0.138520,0.138520,0,√
195,1,1,0,-0.015620,-0.015620,0,√
195,2,1,0,-0.033891,-0.033891,0,√
195,3,1,0,0.034830,0.034830,0,√
195,4,1,0,-0.024798,-0.024798,0,√
195,5,1,0,-0.047080,-0.047080,0,√
196,0,1,1,0.792285,0.792285,1,√
196,1,1,0,0.550134,0.550134,0,√
196,2,1,0,0.589541,0.589541,0,√
196,3,1,0,0.238520,0.238520,0,√
197,0,1,0,0.074826,0.074826,0,√
197,1,1,0,0.509848,0.509848,0,√
197,2,1,0,0.108659,0.108659,0,√
197,3,1,0,0.501607,0.501607,0,√
197,4,1,0,0.386608,0.386608,0,√
197,5,1,0,0.552554,0.552554,0,√
197,6,1,0,0.387158,0.387158,0,√
197,7,1,0,0.359409,0.359409,0,√
197,8,1,0,0.498042,0.498042,0,√
197,9,1,0,0.284071,0.284071,0,√
197,10,1,0,0.204440,0.204440,0,√
197,11,1,0,0.115133,0.115133,0,√
197,12,1,0,0.118913,0.118913,0,√
197,13,1,0,0.434441,0.434441,0,√
198,0,1,0,0.511951,0.511951,0,×
198,1,1,0,0.238746,0.238746,0,×
199,0,1,1,0.657980,0.657980,1,√
199,1,1,1,0.653261,0.653261,1,√
199,2,1,0,0.288128,0.288128,0,√
200,0,1,0,0.505309,0.505309,0,√
200,1,1,0,0.471108,0.471108,0,√
200,2,1,0,0.203080,0.203080,0,√
200,3,1,0,0.533191,0.533191,0,√
200,4,1,0,0.579635,0.579635,0,√
200,5,1,1,0.677484,0.677484,1,√
200,6,1,1,0.844002,0.844002,1,√
201,0,1,0,0.438720,0.438720,0,√
201,1,1,1,0.635826,0.635826,1,√
201,2,1,0,0.038111,0.038111,0,√
201,3,1,0,0.040972,0.040972,0,√
201,4,1,0,0.277480,0.277480,0,√
201,5,1,0,0.185476,0.185476,0,√
201,6,1,0,0.014556,0.014556,0,√
201,7,1,0,0.095190,0.095190,0,√
201,8,1,0,0.514460,0.514460,0,√
201,9,1,0,0.237796,0.237796,0,√
201,10,1,0,0.155626,0.155626,0,√
201,11,1,0,0.162834,0.162834,0,√
202,0,1,0,0.595202,0.595202,0,√
202,1,1,0,0.186316,0.186316,0,√
203,0,1,0,0.462333,0.462333,0,√
203,1,1,0,0.539710,0.539710,0,√
204,0,1,1,0.722401,0.722401,1,√
204,1,1,1,0.721405,0.721405,1,√
205,0,1,0,0.412010,0.412010,0,√
205,1,1,0,0.513950,0.513950,0,√
205,2,1,0,0.297665,0.297665,0,√
206,0,1,0,0.539767,0.539767,0,√
206,1,1,0,0.388884,0.388884,0,√
206,2,1,0,0.423479,0.423479,0,√
206,3,1,0,0.396941,0.396941,0,√
206,4,1,0,0.458835,0.458835,0,√
206,5,1,0,0.407313,0.407313,0,√
207,0,1,0,0.114477,0.114477,0,×
207,1,1,0,0.155212,0.155212,0,×
207,2,1,0,0.170435,0.170435,0,×
207,3,1,0,0.300139,0.300139,0,×
207,4,1,0,0.160697,0.160697,0,×
207,5,1,0,0.191277,0.191277,0,×
207,6,1,0,0.306618,0.306618,0,×
207,7,1,0,0.169114,0.169114,0,×
207,8,1,0,0.250455,0.250455,0,×
207,9,1,0,0.294366,0.294366,0,×
207,10,1,0,0.178468,0.178468,0,×
207,11,1,0,0.265558,0.265558,0,×
207,12,1,0,0.272047,0.272047,0,×
207,13,1,0,0.063070,0.063070,0,×
207,14,1,0,0.176303,0.176303,0,×
207,15,1,0,0.272317,0.272317,0,×
207,16,1,0,0.112240,0.112240,0,×
207,17,1,0,0.220593,0.220593,0,×
207,18,1,0,0.266633,0.266633,0,×
207,19,1,0,0.152006,0.152006,0,×
207,20,1,0,0.242971,0.242971,0,×
207,21,1,0,0.063520,0.063520,0,×
207,22,1,0,0.237033,0.237033,0,×
207,23,1,0,0.242504,0.242504,0,×
207,24,1,0,0.102005,0.102005,0,×
207,25,1,0,0.074294,0.074294,0,×
208,0,1,0,0.217448,0.217448,0,×
208,1,1,0,0.280525,0.280525,0,×
208,2,1,0,0.338975,0.338975,0,×
208,3,1,0,0.418779,0.418779,0,×
208,4,1,0,0.437053,0.437053,0,×
209,0,1,0,0.071583,0.071583,0,×
210,0,1,0,0.380741,0.380741,0,√
210,1,1,0,0.129710,0.129710,0,√
211,0,1,0,0.173764,0.173764,0,√
212,0,1,0,0.148381,0.148381,0,√
212,1,1,0,0.432091,0.432091,0,√
212,2,1,0,0.214807,0.214807,0,√
212,3,1,0,0.197092,0.197092,0,√
212,4,1,1,0.868040,0.868040,1,√
213,0,1,0,0.217845,0.217845,0,√
213,1,1,0,0.268184,0.268184,0,√
213,2,1,0,0.219682,0.219682,0,√
214,0,1,0,0.598077,0.598077,0,√
214,1,1,1,0.818610,0.818610,1,√
214,2,1,1,0.725619,0.725619,1,√
214,3,1,0,0.435446,0.435446,0,√
214,4,1,0,0.570203,0.570203,0,√
214,5,1,0,0.278184,0.278184,0,√
214,6,1,0,0.346622,0.346622,0,√
214,7,1,1,0.763743,0.763743,1,√
215,0,1,0,0.343069,0.343069,0,√
215,1,1,1,0.879441,0.879441,1,√
216,0,1,1,0.721488,0.721488,1,√
216,1,1,1,0.684534,0.684534,1,√
216,2,1,0,0.327000,0.327000,0,√
216,3,1,1,0.611115,0.611115,1,√
217,0,1,0,0.068249,0.068249,0,√
217,1,1,0,0.089202,0.089202,0,√
217,2,1,0,0.486231,0.486231,0,√
217,3,1,0,0.391754,0.391754,0,√
217,4,1,1,0.609351,0.609351,1,√
217,5,1,0,0.164894,0.164894,0,√
217,6,1,0,0.134993,0.134993,0,√
217,7,1,0,0.155337,0.155337,0,√
217,8,1,0,0.326984,0.326984,0,√
217,9,1,0,0.327642,0.327642,0,√
218,0,1,0,0.114130,0.114130,0,√
219,0,1,0,0.537263,0.537263,0,√
219,1,1,0,0.502004,0.502004,0,√
219,2,1,0,0.423811,0.423811,0,√
219,3,1,0,0.410325,0.410325,0,√
219,4,1,0,0.446703,0.446703,0,√
219,5,1,0,0.123120,0.123120,0,√
220,0,1,0,0.537771,0.537771,0,√
220,1,1,0,0.435585,0.435585,0,√
221,0,1,0,0.507069,0.507069,0,√
221,1,1,0,0.522575,0.522575,0,√
221,2,1,0,0.389632,0.389632,0,√
221,3,1,0,0.225311,0.225311,0,√
221,4,1,0,0.386684,0.386684,0,√
221,5,1,0,0.098145,0.098145,0,√
221,6,1,0,0.419422,0.419422,0,√
222,0,1,0,0.538878,0.538878,0,√
222,1,1,0,0.176446,0.176446,0,√
222,2,1,0,0.403622,0.403622,0,√
223,0,1,1,0.699085,0.699085,1,√
223,1,1,0,0.147075,0.147075,0,√
223,2,1,0,0.095534,0.095534,0,√
223,3,1,1,0.752530,0.752530,1,√
224,0,1,0,0.471262,0.471262,0,√
224,1,1,0,0.426239,0.426239,0,√
224,2,1,0,0.278883,0.278883,0,√
224,3,1,0,0.247214,0.247214,0,√
225,0,1,0,0.459973,0.459973,0,√
225,1,1,0,0.474260,0.474260,0,√
226,0,1,0,0.187441,0.187441,0,×
226,1,1,0,0.416962,0.416962,0,×
226,2,1,0,0.096868,0.096868,0,×
227,0,1,0,0.569705,0.569705,0,√
227,1,1,0,0.184921,0.184921,0,√
227,2,1,1,0.711492,0.711492,1,√
227,3,1,0,0.400508,0.400508,0,√
227,4,1,0,0.186453,0.186453,0,√
227,5,1,0,0.195418,0.195418,0,√
227,6,1,0,0.217254,0.217254,0,√
227,7,1,0,0.579782,0.579782,0,√
228,0,1,0,0.564178,0.564178,0,√
228,1,1,1,0.673141,0.673141,1,√
228,2,1,0,-0.027315,-0.027315,0,√
228,3,1,0,0.493185,0.493185,0,√
228,4,1,0,0.203445,0.203445,0,√
228,5,1,0,0.053887,0.053887,0,√
228,6,1,0,0.175501,0.175501,0,√
228,7,1,1,0.632084,0.632084,1,√
228,8,1,0,0.140533,0.140533,0,√
228,9,1,1,0.619202,0.619202,1,√
228,10,1,1,0.645698,0.645698,1,√
229,0,1,1,0.693053,0.693053,1,√
229,1,1,0,0.516560,0.516560,0,√
229,2,1,1,0.633161,0.633161,1,√
230,0,1,0,0.589854,0.589854,0,×
230,1,1,0,0.248556,0.248556,0,×
230,2,1,0,0.232037,0.232037,0,×
230,3,1,0,0.537289,0.537289,0,×
231,0,1,1,0.788375,0.788375,1,√
231,1,1,0,0.219266,0.219266,0,√
231,2,1,0,0.274442,0.274442,0,√
232,0,1,0,0.107813,0.107813,0,√
232,1,1,0,0.273955,0.273955,0,√
232,2,1,0,0.572117,0.572117,0,√
233,0,1,1,0.640401,0.640401,1,√
233,1,1,0,0.368051,0.368051,0,√
233,2,1,0,0.355837,0.355837,0,√
233,3,1,0,0.352523,0.352523,0,√
234,0,1,0,0.406744,0.406744,0,√
234,1,1,0,0.177250,0.177250,0,√
234,2,1,0,0.120070,0.120070,0,√
234,3,1,0,0.392387,0.392387,0,√
234,4,1,0,0.103231,0.103231,0,√
234,5,1,0,0.159445,0.159445,0,√
234,6,1,0,0.260080,0.260080,0,√
234,7,1,0,0.491577,0.491577,0,√
235,0,1,0,0.465667,0.465667,0,√
235,1,1,1,0.606860,0.606860,1,√
235,2,1,0,0.360563,0.360563,0,√
235,3,1,0,0.384128,0.384128,0,√
235,4,1,0,0.330678,0.330678,0,√
235,5,1,0,0.581363,0.581363,0,√
236,0,1,0,0.530615,0.530615,0,√
236,1,1,0,0.463208,0.463208,0,√
236,2,1,0,0.418217,0.418217,0,√
236,3,1,0,0.477849,0.477849,0,√
237,0,1,0,0.585102,0.585102,0,√
237,1,1,0,0.113569,0.113569,0,√
237,2,1,0,0.558790,0.558790,0,√
238,0,1,0,0.383016,0.383016,0,√
238,1,1,0,0.160579,0.160579,0,√
239,0,1,1,0.722607,0.722607,1,√
239,1,1,0,0.088309,0.088309,0,√
240,0,1,0,0.047843,0.047843,0,√
240,1,1,0,0.337171,0.337171,0,√
241,0,1,0,0.152900,0.152900,0,√
241,1,1,0,0.391863,0.391863,0,√
241,2,1,0,0.125755,0.125755,0,√
241,3,1,0,0.308400,0.308400,0,√
242,0,1,0,0.257349,0.257349,0,√
242,1,1,1,0.608467,0.608467,1,√
242,2,1,0,0.464747,0.464747,0,√
242,3,1,1,0.805063,0.805063,1,√
242,4,1,0,0.425170,0.425170,0,√
242,5,1,0,0.192628,0.192628,0,√
242,6,1,0,0.222803,0.222803,0,√
242,7,1,0,0.347816,0.347816,0,√
242,8,1,0,0.235153,0.235153,0,√
242,9,1,1,0.702711,0.702711,1,√
243,0,1,0,0.178678,0.178678,0,×
243,1,1,0,-0.016302,-0.016302,0,×
243,2,1,0,0.024454,0.024454,0,×
243,3,1,0,0.175494,0.175494,0,×
243,4,1,0,0.138355,0.138355,0,×
243,5,1,0,0.064711,0.064711,0,×
244,0,1,1,0.600791,0.600791,1,×
244,1,1,1,0.709912,0.709912,1,×
244,2,1,0,0.252474,0.252474,0,×
244,3,1,1,0.624640,0.624640,1,×
244,4,1,0,0.159044,0.159044,0,×
244,5,1,0,0.428309,0.428309,0,×
244,6,1,0,0.280746,0.280746,0,×
244,7,1,0,0.052326,0.052326,0,×
244,8,1,0,0.122821,0.122821,0,×
244,9,1,0,0.041834,0.041834,0,×
244,10,1,0,0.002776,0.002776,0,×
244,11,1,0,0.150105,0.150105,0,×
244,12,1,1,0.626413,0.626413,1,×
244,13,1,0,0.160141,0.160141,0,×
244,14,1,0,0.208593,0.208593,0,×
245,0,1,0,0.172067,0.172067,0,×
245,1,1,0,0.080714,0.080714,0,×
245,2,1,0,0.014158,0.014158,0,×
245,3,1,0,0.068131,0.068131,0,×
245,4,1,0,0.148857,0.148857,0,×
245,5,1,0,0.098878,0.098878,0,×
245,6,1,0,0.125671,0.125671,0,×
245,7,1,0,0.095113,0.095113,0,×
245,8,1,0,0.017734,0.017734,0,×
245,9,1,0,0.109239,0.109239,0,×
246,0,1,0,0.255075,0.255075,0,×
247,0,1,1,0.627444,0.627444,1,√
247,1,1,1,0.677158,0.677158,1,√
247,2,1,0,0.318165,0.318165,0,√
247,3,1,0,0.124696,0.124696,0,√
247,4,1,0,0.136874,0.136874,0,√
247,5,1,0,0.130967,0.130967,0,√
247,6,1,0,0.147265,0.147265,0,√
247,7,1,0,0.273484,0.273484,0,√
247,8,1,0,0.299438,0.299438,0,√
247,9,1,0,0.124696,0.124696,0,√
247,10,1,0,0.252493,0.252493,0,√
247,11,1,0,0.130967,0.130967,0,√
247,12,1,0,0.122214,0.122214,0,√
247,13,1,0,0.118290,0.118290,0,√
247,14,1,0,0.261260,0.261260,0,√
247,15,1,0,0.145896,0.145896,0,√
247,16,1,1,0.615240,0.615240,1,√
248,0,1,0,0.252504,0.252504,0,×
248,1,1,0,0.145788,0.145788,0,×
248,2,1,0,0.104536,0.104536,0,×
249,0,1,0,0.341341,0.341341,0,√
249,1,1,0,-0.040149,-0.040149,0,√
249,2,1,0,0.420137,0.420137,0,√
249,3,1,0,0.195713,0.195713,0,√
249,4,1,0,0.455973,0.455973,0,√
250,0,1,0,0.511526,0.511526,0,√
250,1,1,0,0.566743,0.566743,0,√
250,2,1,0,0.492408,0.492408,0,√
250,3,1,0,0.347439,0.347439,0,√
250,4,1,0,0.305173,0.305173,0,√
250,5,1,0,0.525185,0.525185,0,√
251,0,1,0,0.399715,0.399715,0,√
251,1,1,0,0.501831,0.501831,0,√
251,2,1,0,0.301958,0.301958,0,√
251,3,1,0,0.492551,0.492551,0,√
251,4,1,0,0.231517,0.231517,0,√
251,5,1,0,0.361773,0.361773,0,√
252,0,1,0,0.123639,0.123639,0,√
252,1,1,0,0.273267,0.273267,0,√
252,2,1,0,0.463621,0.463621,0,√
252,3,1,0,0.196306,0.196306,0,√
253,0,1,0,0.511776,0.511776,0,×
253,1,1,0,0.501184,0.501184,0,×
253,2,1,0,0.417865,0.417865,0,×
254,0,1,0,0.334212,0.334212,0,√
254,1,1,0,0.087381,0.087381,0,√
254,2,1,0,0.075436,0.075436,0,√
254,3,1,0,0.495962,0.495962,0,√
254,4,1,0,0.023359,0.023359,0,√
255,0,1,1,0.646763,0.646763,1,√
256,0,1,0,0.503106,0.503106,0,√
256,1,1,1,0.797282,0.797282,1,√
256,2,1,0,0.239517,0.239517,0,√
257,0,1,1,0.822295,0.822295,1,√
257,1,1,0,0.322761,0.322761,0,√
257,2,1,0,0.460659,0.460659,0,√
257,3,1,0,0.542947,0.542947,0,√
258,0,1,0,0.364721,0.364721,0,√
258,1,1,0,0.105099,0.105099,0,√
259,0,1,0,0.296432,0.296432,0,√
259,1,1,0,0.133083,0.133083,0,√
260,0,1,0,0.183956,0.183956,0,×
260,1,1,0,0.166529,0.166529,0,×
260,2,1,0,0.012202,0.012202,0,×
260,3,1,0,0.110913,0.110913,0,×
260,4,1,0,0.054517,0.054517,0,×
260,5,1,0,0.091922,0.091922,0,×
260,6,1,0,0.197669,0.197669,0,×
261,0,1,0,0.343143,0.343143,0,×
261,1,1,0,0.328432,0.328432,0,×
261,2,1,0,0.216835,0.216835,0,×
261,3,1,0,0.045002,0.045002,0,×
262,0,2,1,0.711170,0.384816,1,√
262,1,1,1,0.757828,0.757828,1,√
262,2,1,0,0.156855,0.156855,0,√
263,0,1,0,0.190205,0.190205,0,√
263,1,1,0,0.071809,0.071809,0,√
263,2,1,0,-0.021180,-0.021180,0,√
264,0,1,0,0.588116,0.588116,0,√
264,1,1,1,0.656648,0.656648,1,√
264,2,1,0,0.450942,0.450942,0,√
265,0,1,0,0.423471,0.423471,0,√
266,0,1,0,0.523636,0.523636,0,×
266,1,1,0,0.200503,0.200503,0,×
266,2,1,0,0.535259,0.535259,0,×
266,3,1,0,0.139283,0.139283,0,×
266,4,1,0,0.110049,0.110049,0,×
266,5,1,0,0.162131,0.162131,0,×
266,6,1,0,0.056487,0.056487,0,×
266,7,1,0,0.191596,0.191596,0,×
266,8,1,1,0.654206,0.654206,1,×
266,9,1,0,0.475969,0.475969,0,×
266,10,1,0,0.536839,0.536839,0,×
267,0,1,0,0.147065,0.147065,0,×
267,1,1,0,0.204788,0.204788,0,×
267,2,1,0,0.112098,0.112098,0,×
267,3,1,0,0.183820,0.183820,0,×
267,4,1,0,0.136802,0.136802,0,×
267,5,1,0,0.251327,0.251327,0,×
268,0,1,0,0.177029,0.177029,0,√
268,1,1,0,0.046072,0.046072,0,√
268,2,1,0,0.445383,0.445383,0,√
269,0,1,0,0.438150,0.438150,0,√
269,1,1,0,0.406682,0.406682,0,√
269,2,1,0,0.107397,0.107397,0,√
269,3,1,0,0.041273,0.041273,0,√
269,4,1,0,0.171713,0.171713,0,√
270,0,1,0,0.064427,0.064427,0,×
270,1,1,0,0.198338,0.198338,0,×
270,2,1,0,0.224167,0.224167,0,×
270,3,1,0,0.199971,0.199971,0,×
270,4,1,0,0.303193,0.303193,0,×
270,5,1,0,0.007520,0.007520,0,×
271,0,1,0,0.191209,0.191209,0,√
271,1,1,0,0.261299,0.261299,0,√
271,2,1,0,0.169402,0.169402,0,√
271,3,1,0,0.075347,0.075347,0,√
272,0,1,0,0.539013,0.539013,0,√
272,1,1,1,0.700283,0.700283,1,√
272,2,1,0,0.474548,0.474548,0,√
272,3,1,0,0.416021,0.416021,0,√
272,4,1,0,0.493208,0.493208,0,√
272,5,1,0,-0.080856,-0.080856,0,√
272,6,1,0,0.518208,0.518208,0,√
272,7,1,0,0.093155,0.093155,0,√
272,8,1,0,0.155381,0.155381,0,√
272,9,1,1,0.634623,0.634623,1,√
272,10,1,0,0.155306,0.155306,0,√
272,11,1,0,0.458317,0.458317,0,√
272,12,1,0,0.368463,0.368463,0,√
272,13,1,0,0.581025,0.581025,0,√
273,0,1,0,0.148120,0.148120,0,×
273,1,1,0,0.038883,0.038883,0,×
273,2,1,0,0.227473,0.227473,0,×
273,3,1,0,0.102714,0.102714,0,×
273,4,1,0,0.010638,0.010638,0,×
273,5,1,0,0.227798,0.227798,0,×
274,0,1,0,0.218470,0.218470,0,√
274,1,1,0,0.180129,0.180129,0,√
274,2,1,0,0.585452,0.585452,0,√
274,3,1,0,0.555669,0.555669,0,√
274,4,1,0,0.526199,0.526199,0,√
275,0,1,0,0.074009,0.074009,0,√
275,1,1,0,0.031206,0.031206,0,√
275,2,1,0,0.252502,0.252502,0,√
275,3,1,0,0.083522,0.083522,0,√
275,4,1,0,-0.031792,-0.031792,0,√
275,5,1,0,-0.040485,-0.040485,0,√
275,6,2,0,0.027515,-0.011992,0,√
275,7,1,0,0.085228,0.085228,0,√
275,8,1,0,0.077648,0.077648,0,√
275,9,1,0,0.218993,0.218993,0,√
275,10,1,0,-0.021967,-0.021967,0,√
275,11,1,0,0.050712,0.050712,0,√
275,12,1,0,0.367087,0.367087,0,√
275,13,1,0,0.066718,0.066718,0,√
276,0,1,1,0.695437,0.695437,1,√
276,1,1,0,0.325086,0.325086,0,√
276,2,1,0,0.067037,0.067037,0,√
276,3,1,0,0.116760,0.116760,0,√
276,4,1,0,0.117296,0.117296,0,√
276,5,1,1,0.652657,0.652657,1,√
276,6,1,0,0.518964,0.518964,0,√
276,7,1,1,0.623617,0.623617,1,√
277,0,1,0,0.290497,0.290497,0,√
277,1,1,0,0.439170,0.439170,0,√
277,2,1,0,0.231021,0.231021,0,√
277,3,1,0,0.264924,0.264924,0,√
277,4,1,0,0.090871,0.090871,0,√
277,5,1,0,0.510794,0.510794,0,√
277,6,1,0,0.305825,0.305825,0,√
278,0,1,0,0.117193,0.117193,0,×
278,1,1,0,0.072396,0.072396,0,×
278,2,1,0,0.240429,0.240429,0,×
278,3,1,0,0.154417,0.154417,0,×
278,4,1,0,0.175347,0.175347,0,×
278,5,1,0,0.047337,0.047337,0,×
278,6,1,0,0.045538,0.045538,0,×
278,7,1,0,0.206717,0.206717,0,×
279,0,1,0,0.056421,0.056421,0,×
279,1,1,0,0.082524,0.082524,0,×
279,2,1,0,0.115044,0.115044,0,×
279,3,1,0,0.077116,0.077116,0,×
279,4,1,0,0.150922,0.150922,0,×
279,5,1,0,0.336285,0.336285,0,×
280,0,1,0,0.307913,0.307913,0,×
280,1,1,0,0.518753,0.518753,0,×
280,2,1,0,0.093870,0.093870,0,×
280,3,1,0,0.263786,0.263786,0,×
281,0,1,0,0.494027,0.494027,0,√
281,1,1,0,0.127853,0.127853,0,√
281,2,1,0,0.341507,0.341507,0,√
282,0,1,0,0.538947,0.538947,0,√
283,0,1,0,0.181004,0.181004,0,√
283,1,1,0,0.099004,0.099004,0,√
283,2,1,0,0.465531,0.465531,0,√
283,3,1,0,0.491120,0.491120,0,√
283,4,1,0,0.051356,0.051356,0,√
283,5,1,1,0.641396,0.641396,1,√
284,0,1,0,0.276924,0.276924,0,×
284,1,1,0,0.177890,0.177890,0,×
284,2,1,0,0.103749,0.103749,0,×
284,3,1,0,0.168962,0.168962,0,×
284,4,1,0,0.154222,0.154222,0,×
284,5,1,0,0.273407,0.273407,0,×
284,6,1,0,0.209036,0.209036,0,×
284,7,1,0,0.228184,0.228184,0,×
285,0,1,0,0.543375,0.543375,0,√
286,0,1,1,0.618743,0.618743,1,√
286,1,1,1,0.655639,0.655639,1,√
286,2,1,0,0.465180,0.465180,0,√
286,3,1,0,0.316507,0.316507,0,√
286,4,1,0,0.369088,0.369088,0,√
286,5,1,0,0.180664,0.180664,0,√
286,6,1,0,0.450681,0.450681,0,√
286,7,1,0,0.471758,0.471758,0,√
286,8,1,0,0.433475,0.433475,0,√
286,9,1,0,0.547476,0.547476,0,√
286,10,1,0,0.553885,0.553885,0,√
286,11,1,1,0.626828,0.626828,1,√
287,0,1,1,0.665272,0.665272,1,√
287,1,1,0,0.164621,0.164621,0,√
287,2,1,0,0.447526,0.447526,0,√
287,3,1,0,0.180706,0.180706,0,√
287,4,1,0,0.046550,0.046550,0,√
287,5,1,0,0.136052,0.136052,0,√
288,0,1,0,0.544953,0.544953,0,×
288,1,1,0,0.499499,0.499499,0,×
288,2,1,0,0.490947,0.490947,0,×
289,0,1,0,0.475592,0.475592,0,√
289,1,1,1,0.613120,0.613120,1,√
289,2,1,0,-0.017935,-0.017935,0,√
289,3,1,0,0.531771,0.531771,0,√
290,0,1,0,0.202250,0.202250,0,√
290,1,1,0,0.213173,0.213173,0,√
290,2,1,0,0.595526,0.595526,0,√
290,3,1,0,0.540406,0.540406,0,√
291,0,1,0,0.215626,0.215626,0,×
291,1,1,0,0.169957,0.169957,0,×
291,2,1,0,0.514936,0.514936,0,×
291,3,1,1,0.704199,0.704199,1,×
292,0,1,0,0.443168,0.443168,0,√
292,1,1,0,0.362790,0.362790,0,√
292,2,1,0,0.439905,0.439905,0,√
292,3,1,0,0.393578,0.393578,0,√
292,4,1,0,0.292700,0.292700,0,√
292,5,1,0,0.374821,0.374821,0,√
292,6,1,0,0.412964,0.412964,0,√
292,7,1,0,0.328069,0.328069,0,√
293,0,1,1,0.795638,0.795638,1,√
293,1,1,0,0.537352,0.537352,0,√
293,2,1,0,0.256934,0.256934,0,√
293,3,1,0,0.476801,0.476801,0,√
293,4,1,0,0.501869,0.501869,0,√
293,5,1,0,0.136541,0.136541,0,√
293,6,1,1,0.690335,0.690335,1,√
293,7,1,1,0.847176,0.847176,1,√
294,0,1,0,0.152253,0.152253,0,√
294,1,1,0,0.412544,0.412544,0,√
294,2,1,0,0.527752,0.527752,0,√
294,3,1,0,0.462844,0.462844,0,√
294,4,1,0,0.221320,0.221320,0,√
294,5,1,0,0.106875,0.106875,0,√
294,6,1,0,0.076954,0.076954,0,√
295,0,1,0,0.579138,0.579138,0,√
295,1,1,0,0.204138,0.204138,0,√
296,0,1,1,0.608003,0.608003,1,×
296,1,1,1,0.603707,0.603707,1,×
296,2,1,0,0.165864,0.165864,0,×
296,3,1,0,0.079646,0.079646,0,×
296,4,1,1,0.626015,0.626015,1,×
296,5,1,0,0.081075,0.081075,0,×
296,6,1,0,-0.022546,-0.022546,0,×
297,0,1,0,0.255549,0.255549,0,√
297,1,1,0,0.296853,0.296853,0,√
298,0,1,0,0.373277,0.373277,0,×
298,1,1,1,0.667528,0.667528,1,×
298,2,1,1,0.628460,0.628460,1,×
299,0,1,0,0.172955,0.172955,0,×
299,1,1,0,0.238253,0.238253,0,×
300,0,1,0,0.500026,0.500026,0,×
300,1,1,0,0.370850,0.370850,0,×
300,2,1,0,0.545616,0.545616,0,×
300,3,1,0,0.356001,0.356001,0,×
300,4,1,0,0.313981,0.313981,0,×
